Date,Price,Open,High,Low,Vol.,Change %
4/22/2024,"16,258.80","16,218.30","16,280.00","16,201.00",,0.25%
4/21/2024,"16,218.30","16,218.30","16,218.30","16,218.30",,-0.20%
4/19/2024,"16,250.00","16,265.00","16,290.00","16,255.00",,0.49%
4/18/2024,"16,170.00","16,185.00","16,195.00","16,155.00",,-0.28%
4/17/2024,"16,215.00","16,235.00","16,272.50","16,210.00",,0.28%
4/16/2024,"16,170.00","16,075.00","16,210.00","16,072.50",,0.33%
4/15/2024,"16,116.70","16,118.00","16,138.00","16,050.80",,0.00%
4/12/2024,"16,117.00","16,030.50","16,161.30","15,996.00",,0.54%
4/11/2024,"16,031.00","16,002.00","16,036.50","15,950.50",,0.21%
4/10/2024,"15,998.00","15,900.00","16,002.00","15,826.00",,0.62%
4/9/2024,"15,899.00","15,925.00","15,925.00","15,833.00",,-0.16%
4/8/2024,"15,925.00","15,888.00","15,928.00","15,867.00",,0.54%
4/5/2024,"15,840.00","15,907.50","15,916.00","15,842.50",,-0.31%
4/4/2024,"15,890.00","15,937.50","15,937.50","15,890.00",,-0.16%
4/3/2024,"15,915.00","15,930.00","15,940.00","15,905.00",,0.13%
4/2/2024,"15,895.00","15,947.50","15,965.00","15,897.00",,0.06%
4/1/2024,"15,885.00","15,875.00","15,920.00","15,872.50",,0.03%
3/29/2024,"15,880.00","15,891.00","15,909.30","15,858.50",,0.19%
3/28/2024,"15,850.00","15,880.00","15,894.00","15,855.00",,0.00%
3/27/2024,"15,850.00","15,830.00","15,865.00","15,818.50",,0.41%
3/26/2024,"15,785.00","15,800.00","15,810.00","15,780.00",,-0.06%
3/25/2024,"15,795.00","15,785.00","15,808.50","15,775.00",,0.13%
3/22/2024,"15,775.00","15,730.00","15,790.00","15,722.50",,0.77%
3/21/2024,"15,655.00","15,665.00","15,680.00","15,647.00",,-0.35%
3/20/2024,"15,710.00","15,722.50","15,742.50","15,708.50",,0.00%
3/19/2024,"15,710.00","15,720.00","15,735.00","15,697.50",,0.16%
3/18/2024,"15,685.00","15,625.00","15,698.00","15,622.50",,0.61%
3/15/2024,"15,590.00","15,630.00","15,641.50","15,594.50",,0.10%
3/14/2024,"15,575.00","15,580.00","15,589.50","15,569.50",,0.03%
3/13/2024,"15,570.00","15,570.00","15,595.00","15,557.50",,0.06%
3/12/2024,"15,561.00","15,526.50","15,563.00","15,470.90",,0.23%
3/11/2024,"15,525.00","15,541.30","15,590.00","15,438.50",,-0.38%
3/8/2024,"15,585.00","15,625.00","15,640.00","15,573.00",,-0.42%
3/7/2024,"15,650.00","15,667.50","15,685.00","15,635.00",,-0.29%
3/6/2024,"15,695.00","15,760.00","15,760.00","15,690.00",,-0.44%
3/5/2024,"15,765.00","15,752.50","15,777.50","15,735.00",,0.19%
3/4/2024,"15,735.00","15,705.00","15,740.00","15,704.50",,0.25%
3/1/2024,"15,695.00","15,722.50","15,722.50","15,680.00",,-0.10%
2/29/2024,"15,710.00","15,705.00","15,735.50","15,690.00",,0.19%
2/28/2024,"15,680.00","15,645.00","15,692.00","15,645.00",,0.29%
2/27/2024,"15,635.00","15,650.00","15,662.50","15,640.00",,0.06%
2/26/2024,"15,625.00","15,622.50","15,642.50","15,619.00",,0.22%
2/23/2024,"15,590.00","15,602.50","15,607.50","15,572.50",,0.03%
2/22/2024,"15,585.00","15,640.00","15,659.50","15,589.50",,-0.29%
2/21/2024,"15,630.00","15,670.00","15,685.00","15,635.00",,-0.16%
2/20/2024,"15,655.00","15,640.00","15,669.00","15,637.50",,0.19%
2/19/2024,"15,625.00","15,640.00","15,642.50","15,616.00",,0.06%
2/16/2024,"15,615.00","15,655.00","15,677.50","15,620.00",,0.00%
2/15/2024,"15,615.00","15,582.50","15,640.00","15,547.50",,-0.11%
2/14/2024,"15,632.00","15,677.00","15,726.70","15,560.60",,0.27%
2/13/2024,"15,590.00","15,590.00","15,614.00","15,565.00",,0.00%
2/12/2024,"15,590.00","15,640.00","15,640.00","15,594.50",,-0.14%
2/9/2024,"15,611.50","15,665.00","15,666.00","15,609.00",,-0.34%
2/8/2024,"15,665.00","15,654.00","15,678.00","15,618.00",,0.22%
2/7/2024,"15,630.00","15,722.50","15,727.50","15,615.00",,-0.60%
2/6/2024,"15,725.00","15,752.50","15,757.50","15,722.50",,0.16%
2/5/2024,"15,700.00","15,725.00","15,727.50","15,690.50",,0.29%
2/2/2024,"15,655.00","15,755.00","15,755.00","15,644.00",,-0.67%
2/1/2024,"15,760.00","15,787.50","15,802.50","15,757.50",,-0.10%
1/31/2024,"15,775.00","15,802.50","15,818.00","15,778.00",,-0.01%
1/30/2024,"15,777.00","15,800.00","15,816.00","15,775.00",,-0.18%
1/29/2024,"15,805.00","15,812.50","15,833.00","15,807.50",,-0.06%
1/26/2024,"15,815.00","15,837.50","15,847.50","15,810.00",,-0.03%
1/25/2024,"15,820.00","15,710.00","15,835.00","15,705.00",,0.73%
1/24/2024,"15,705.00","15,694.00","15,730.00","15,693.00",,0.51%
1/23/2024,"15,625.00","15,660.00","15,677.50","15,630.00",,-0.03%
1/22/2024,"15,630.00","15,607.50","15,640.00","15,607.50",,0.13%
1/19/2024,"15,610.00","15,617.50","15,637.50","15,612.50",,-0.03%
1/18/2024,"15,615.00","15,617.50","15,637.50","15,612.50",,-0.13%
1/17/2024,"15,635.00","15,625.00","15,647.50","15,617.50",,0.32%
1/16/2024,"15,585.00","15,572.50","15,598.50","15,570.00",,0.23%
1/15/2024,"15,550.00","15,555.00","15,562.50","15,545.00",,0.03%
1/12/2024,"15,545.00","15,562.50","15,575.00","15,542.50",,0.00%
1/11/2024,"15,545.00","15,552.50","15,570.00","15,544.50",,-0.13%
1/10/2024,"15,565.00","15,540.00","15,587.50","15,537.50",,0.32%
1/9/2024,"15,515.00","15,529.00","15,531.00","15,504.50",,-0.03%
1/8/2024,"15,520.00","15,500.00","15,533.50","15,500.00",,0.06%
1/5/2024,"15,510.00","15,507.50","15,532.00","15,499.50",,0.16%
1/4/2024,"15,485.00","15,535.00","15,552.50","15,490.00",,0.06%
1/3/2024,"15,475.00","15,505.00","15,527.50","15,470.00",,0.06%
1/2/2024,"15,465.00","15,430.00","15,482.50","15,430.00",,0.49%
1/1/2024,"15,390.00","15,390.10","15,390.10","15,390.00",,-0.03%
12/29/2023,"15,395.00","15,430.00","15,457.50","15,397.00",,-0.13%
12/28/2023,"15,415.00","15,385.00","15,434.50","15,380.00",,-0.06%
12/27/2023,"15,425.00","15,430.00","15,442.50","15,392.50",,0.12%
12/26/2023,"15,407.00","15,467.00","15,467.00","15,405.00",,-0.39%
12/25/2023,"15,467.00","15,466.80","15,467.00","15,466.80",,-0.08%
12/22/2023,"15,480.00","15,490.00","15,505.00","15,475.00",,-0.26%
12/21/2023,"15,520.00","15,520.00","15,551.00","15,512.50",,0.10%
12/20/2023,"15,505.00","15,500.00","15,527.50","15,494.00",,0.03%
12/19/2023,"15,500.00","15,522.50","15,526.50","15,487.50",,-0.03%
12/18/2023,"15,505.00","15,542.50","15,561.50","15,490.00",,0.10%
12/15/2023,"15,490.00","15,512.50","15,528.50","15,472.50",,-0.03%
12/14/2023,"15,495.00","15,460.00","15,520.00","15,460.00",,-1.02%
12/13/2023,"15,655.00","15,611.00","15,677.50","15,597.00",,0.26%
12/12/2023,"15,615.00","15,640.00","15,654.50","15,614.50",,0.03%
12/11/2023,"15,610.00","15,580.00","15,622.50","15,580.00",,0.68%
12/8/2023,"15,505.00","15,502.50","15,526.50","15,483.50",,-0.03%
12/7/2023,"15,510.00","15,515.00","15,543.50","15,509.00",,0.13%
12/6/2023,"15,490.00","15,490.00","15,514.50","15,485.00",,-0.06%
12/5/2023,"15,500.00","15,490.00","15,519.00","15,487.50",,0.32%
12/4/2023,"15,450.00","15,425.00","15,468.50","15,415.00",,-0.19%
12/1/2023,"15,480.00","15,520.00","15,548.50","15,485.00",,-0.16%
11/30/2023,"15,505.00","15,450.00","15,510.00","15,441.00",,0.75%
11/29/2023,"15,390.00","15,387.50","15,422.50","15,357.50",,-0.26%
11/28/2023,"15,430.00","15,470.00","15,482.50","15,430.00",,-0.39%
11/27/2023,"15,490.00","15,540.00","15,560.00","15,475.00",,-0.45%
11/24/2023,"15,560.00","15,565.00","15,612.50","15,555.00",,0.06%
11/23/2023,"15,550.00","15,600.00","15,623.50","15,545.00",,-0.13%
11/22/2023,"15,570.00","15,535.00","15,604.00","15,530.00",,0.87%
11/21/2023,"15,435.00","15,392.00","15,507.00","15,385.00",,-0.03%
11/20/2023,"15,440.00","15,412.50","15,552.00","15,382.50",,-0.32%
11/17/2023,"15,490.00","15,512.50","15,535.00","15,489.00",,-0.32%
11/16/2023,"15,540.00","15,555.00","15,622.50","15,545.00",,0.06%
11/15/2023,"15,530.00","15,505.00","15,553.00","15,467.50",,-1.02%
11/14/2023,"15,690.00","15,695.00","15,707.50","15,690.00",,-0.03%
11/13/2023,"15,695.00","15,702.50","15,727.00","15,697.50",,0.03%
11/10/2023,"15,690.00","15,685.00","15,712.50","15,675.00",,0.26%
11/9/2023,"15,650.00","15,642.50","15,672.50","15,631.00",,0.03%
11/8/2023,"15,645.00","15,625.00","15,665.00","15,590.00",,0.13%
11/7/2023,"15,625.00","15,565.00","15,635.00","15,560.00",,0.58%
11/6/2023,"15,535.00","15,595.00","15,595.00","15,510.00",,-1.21%
11/3/2023,"15,725.00","15,832.50","15,832.50","15,724.00",,-0.79%
11/2/2023,"15,850.00","15,875.00","15,880.00","15,835.00",,-0.50%
11/1/2023,"15,930.00","15,925.00","15,953.50","15,920.00",,0.31%
10/31/2023,"15,880.00","15,877.50","15,912.50","15,867.50",,-0.03%
10/30/2023,"15,885.00","15,922.50","15,930.50","15,882.50",,-0.31%
10/27/2023,"15,935.00","15,917.50","15,952.50","15,914.00",,0.13%
10/26/2023,"15,915.00","15,895.00","15,942.50","15,895.00",,0.32%
10/25/2023,"15,865.00","15,867.50","15,880.00","15,862.50",,0.13%
10/24/2023,"15,845.00","15,892.50","15,895.00","15,835.00",,-0.53%
10/23/2023,"15,930.00","15,880.00","15,967.50","15,880.00",,0.38%
10/20/2023,"15,870.00","15,847.50","15,889.00","15,825.00",,0.38%
10/19/2023,"15,810.00","15,790.00","15,856.50","15,790.00",,0.54%
10/18/2023,"15,725.00","15,730.00","15,737.50","15,716.00",,0.10%
10/17/2023,"15,710.00","15,705.00","15,726.50","15,701.50",,-0.03%
10/16/2023,"15,715.00","15,705.00","15,727.50","15,700.00",,0.22%
10/13/2023,"15,680.00","15,735.00","15,740.00","15,682.50",,-0.03%
10/12/2023,"15,685.00","15,695.00","15,708.00","15,690.00",,-0.03%
10/11/2023,"15,690.00","15,727.50","15,737.50","15,689.00",,-0.25%
10/10/2023,"15,730.00","15,677.50","15,742.50","15,667.50",,0.29%
10/9/2023,"15,685.00","15,635.00","15,702.50","15,635.00",,0.51%
10/6/2023,"15,605.00","15,620.00","15,636.50","15,610.00",,-0.03%
10/5/2023,"15,610.00","15,585.00","15,621.50","15,575.00",,-0.10%
10/4/2023,"15,625.00","15,620.00","15,646.50","15,612.50",,0.32%
10/3/2023,"15,575.00","15,580.00","15,612.50","15,580.00",,0.32%
10/2/2023,"15,525.00","15,492.50","15,541.00","15,492.50",,0.49%
9/29/2023,"15,450.00","15,505.00","15,508.50","15,455.00",,-0.20%
9/28/2023,"15,481.00","15,576.00","15,597.80","15,466.30",,-0.22%
9/27/2023,"15,515.00","15,487.00","15,542.50","15,420.00",,0.19%
9/26/2023,"15,485.00","15,430.00","15,505.00","15,427.50",,0.58%
9/25/2023,"15,395.00","15,380.00","15,409.00","15,380.00",,0.16%
9/22/2023,"15,370.00","15,385.00","15,394.00","15,369.00",,0.00%
9/21/2023,"15,370.00","15,392.50","15,411.50","15,375.00",,-0.03%
9/20/2023,"15,375.00","15,390.00","15,403.00","15,380.00",,0.00%
9/19/2023,"15,375.00","15,382.50","15,393.50","15,369.50",,0.07%
9/18/2023,"15,365.00","15,367.50","15,381.50","15,361.50",,0.10%
9/15/2023,"15,350.00","15,390.00","15,392.50","15,351.00",,0.00%
9/14/2023,"15,350.00","15,365.00","15,371.50","15,340.00",,-0.10%
9/13/2023,"15,365.00","15,360.00","15,377.00","15,350.00",,0.20%
9/12/2023,"15,335.00","15,340.00","15,354.50","15,330.00",,0.10%
9/11/2023,"15,320.00","15,350.00","15,361.50","15,325.00",,0.00%
9/8/2023,"15,320.00","15,330.00","15,347.50","15,325.00",,0.00%
9/7/2023,"15,320.00","15,330.00","15,341.50","15,319.00",,0.20%
9/6/2023,"15,290.00","15,310.00","15,321.50","15,215.00",,0.20%
9/5/2023,"15,260.00","15,250.00","15,274.00","15,242.50",,0.16%
9/4/2023,"15,235.00","15,242.50","15,254.00","15,234.00",,0.00%
9/1/2023,"15,235.00","15,227.50","15,264.00","15,226.50",,0.07%
8/31/2023,"15,225.00","15,222.50","15,244.00","15,222.50",,-0.07%
8/30/2023,"15,235.00","15,220.00","15,295.00","15,215.00",,-0.13%
8/29/2023,"15,255.00","15,277.50","15,282.50","15,250.00",,-0.20%
8/28/2023,"15,285.00","15,295.00","15,301.50","15,285.00",,-0.03%
8/25/2023,"15,290.00","15,275.00","15,307.00","15,274.00",,0.33%
8/24/2023,"15,240.00","15,252.50","15,274.50","15,239.50",,-0.33%
8/23/2023,"15,290.00","15,317.50","15,330.00","15,295.00",,-0.13%
8/22/2023,"15,310.00","15,320.00","15,332.00","15,310.00",,-0.07%
8/21/2023,"15,320.00","15,330.00","15,339.00","15,318.50",,0.26%
8/18/2023,"15,280.00","15,310.00","15,319.50","15,285.00",,-0.53%
8/17/2023,"15,361.80","15,368.50","15,391.00","15,329.00",,0.54%
8/16/2023,"15,280.00","15,337.50","15,338.50","15,282.50",,-0.36%
8/15/2023,"15,335.00","15,342.50","15,359.50","15,332.50",,0.16%
8/14/2023,"15,310.00","15,297.50","15,338.50","15,287.50",,0.66%
8/11/2023,"15,210.00","15,215.00","15,237.00","15,205.00",,0.20%
8/10/2023,"15,180.00","15,210.00","15,217.50","15,185.00",,-0.07%
8/9/2023,"15,190.00","15,210.00","15,222.50","15,189.50",,-0.16%
8/8/2023,"15,215.00","15,222.50","15,237.50","15,217.00",,0.23%
8/7/2023,"15,180.00","15,170.00","15,190.50","15,161.00",,0.10%
8/4/2023,"15,165.00","15,147.50","15,182.50","15,145.00",,-0.10%
8/3/2023,"15,180.00","15,185.00","15,210.00","15,182.50",,0.07%
8/2/2023,"15,170.00","15,140.00","15,197.00","15,137.50",,0.40%
8/1/2023,"15,110.00","15,112.50","15,122.50","15,018.50",,0.23%
7/31/2023,"15,075.00","15,090.00","15,105.00","15,080.00",,-0.10%
7/28/2023,"15,090.00","15,060.00","15,105.00","15,056.50",,0.63%
7/27/2023,"14,995.00","15,015.00","15,022.50","14,985.00",,-0.13%
7/26/2023,"15,015.00","15,030.00","15,042.50","15,015.00",,0.17%
7/25/2023,"14,990.00","15,015.00","15,022.50","14,992.50",,-0.20%
7/24/2023,"15,020.00","15,030.00","15,035.00","15,018.00",,0.00%
7/21/2023,"15,020.00","15,012.50","15,033.50","15,010.00",,0.23%
7/20/2023,"14,985.00","14,987.50","15,007.50","14,977.50",,-0.09%
7/19/2023,"14,999.00","14,990.50","15,029.30","14,981.00",,0.06%
7/18/2023,"14,990.00","14,990.00","15,000.00","14,985.00",,-0.07%
7/17/2023,"15,000.00","14,995.00","15,013.50","14,991.50",,0.30%
7/14/2023,"14,955.00","14,950.00","14,965.50","14,913.00",,-0.07%
7/13/2023,"14,965.00","14,955.00","14,997.00","14,945.00",,-0.73%
7/12/2023,"15,075.00","15,130.00","15,132.50","15,055.00",,-0.40%
7/11/2023,"15,135.00","15,195.00","15,195.00","15,132.50",,-0.36%
7/10/2023,"15,190.00","15,150.00","15,222.00","15,140.00",,0.40%
7/7/2023,"15,130.00","15,125.00","15,147.50","15,110.00",,0.60%
7/6/2023,"15,040.00","15,062.50","15,074.50","15,043.50",,0.20%
7/5/2023,"15,010.00","15,010.00","15,027.50","14,999.50",,0.13%
7/4/2023,"14,990.00","15,040.00","15,044.50","14,986.00",,-0.20%
7/3/2023,"15,020.00","15,005.00","15,041.00","15,005.00",,-0.14%
6/30/2023,"15,040.40","15,070.50","15,085.00","15,020.80",,-0.20%
6/29/2023,"15,071.00","14,993.00","15,080.30","14,985.70",,0.55%
6/28/2023,"14,987.90","14,988.00","15,022.60","14,971.00",,-0.01%
6/27/2023,"14,990.00","14,995.00","15,011.50","14,987.50",,-0.13%
6/26/2023,"15,010.00","15,005.00","15,042.50","15,005.00",,0.13%
6/23/2023,"14,990.00","14,965.00","15,007.00","14,965.00",,0.37%
6/22/2023,"14,935.00","14,932.50","14,975.00","14,890.00",,-0.03%
6/21/2023,"14,940.00","15,037.50","15,042.50","14,910.00",,-0.37%
6/20/2023,"14,995.00","15,022.50","15,052.50","15,000.00",,0.03%
6/19/2023,"14,990.00","14,977.50","14,999.00","14,965.00",,0.40%
6/16/2023,"14,930.00","14,927.50","14,952.50","14,920.00",,-0.07%
6/15/2023,"14,940.00","14,915.00","14,962.50","14,915.00",,0.30%
6/14/2023,"14,895.00","14,877.50","14,920.00","14,868.00",,0.27%
6/13/2023,"14,855.00","14,875.00","14,880.00","14,855.00",,-0.03%
6/12/2023,"14,860.00","14,897.50","14,904.50","14,855.00",,0.17%
6/9/2023,"14,835.00","14,845.00","14,914.50","14,835.00",,-0.37%
6/8/2023,"14,890.00","14,902.50","14,915.00","14,884.00",,0.10%
6/7/2023,"14,875.00","14,857.50","14,889.00","14,852.50",,0.13%
6/6/2023,"14,855.00","14,860.00","14,870.00","14,819.50",,-0.20%
6/5/2023,"14,885.00","14,895.00","14,912.00","14,870.00",,-0.11%
6/2/2023,"14,902.00","14,914.00","14,920.00","14,785.00",,-0.08%
6/1/2023,"14,914.00","14,991.30","14,994.00","14,899.50",,-0.47%
5/31/2023,"14,985.00","15,010.00","15,018.50","14,987.50",,0.03%
5/30/2023,"14,980.00","14,945.00","14,994.50","14,940.00",,0.10%
5/29/2023,"14,965.00","14,965.00","14,981.00","14,956.00",,0.10%
5/26/2023,"14,950.00","14,962.50","14,972.00","14,940.00",,0.03%
5/25/2023,"14,945.00","14,960.00","14,964.00","14,933.00",,0.34%
5/24/2023,"14,895.00","14,897.50","14,920.00","14,887.50",,0.13%
5/23/2023,"14,875.00","14,890.00","14,907.50","14,852.50",,-0.07%
5/22/2023,"14,885.00","14,905.00","14,916.50","14,885.00",,-0.23%
5/19/2023,"14,920.00","14,907.50","14,967.00","14,903.50",,-0.02%
5/18/2023,"14,923.00","14,876.00","14,924.00","14,845.00",,0.42%
5/17/2023,"14,860.00","14,867.50","14,890.00","14,855.00",,0.30%
5/16/2023,"14,815.00","14,785.00","14,834.50","14,780.00",,0.14%
5/15/2023,"14,795.00","14,790.00","14,824.50","14,790.00",,0.34%
5/12/2023,"14,745.00","14,765.00","14,772.00","14,735.00",,0.17%
5/11/2023,"14,720.00","14,710.00","14,745.00","14,696.00",,0.00%
5/10/2023,"14,720.00","14,752.50","14,760.00","14,725.00",,-0.03%
5/9/2023,"14,725.00","14,750.00","14,772.50","14,730.00",,0.20%
5/8/2023,"14,695.00","14,670.00","14,721.50","14,665.00",,0.17%
5/5/2023,"14,670.00","14,680.00","14,691.50","14,650.00",,-0.03%
5/4/2023,"14,675.00","14,615.00","14,690.00","14,565.00",,-0.03%
5/3/2023,"14,680.00","14,707.50","14,722.50","14,684.00",,-0.14%
5/2/2023,"14,700.00","14,645.00","14,712.50","14,645.00",,0.24%
4/28/2023,"14,665.00","14,675.00","14,691.00","14,627.50",,-0.24%
4/27/2023,"14,700.00","14,830.00","14,832.50","14,690.00",,-0.88%
4/26/2023,"14,830.00","14,895.00","14,935.00","14,820.00",,-0.07%
4/18/2023,"14,840.00","14,815.00","14,867.50","14,810.00",,0.37%
4/17/2023,"14,785.00","14,755.00","14,794.00","14,741.00",,0.61%
4/14/2023,"14,695.00","14,695.00","14,705.00","14,645.00",,-0.37%
4/13/2023,"14,750.00","14,840.00","14,847.50","14,744.50",,-0.84%
4/12/2023,"14,875.00","14,887.50","14,907.50","14,837.50",,-0.04%
4/11/2023,"14,881.00","14,935.00","14,935.00","14,870.00",,-0.12%
4/10/2023,"14,899.00","14,910.00","14,937.50","14,888.50",,-0.07%
4/6/2023,"14,910.00","14,965.00","14,972.50","14,912.50",,-0.07%
4/5/2023,"14,920.00","14,922.50","14,952.50","14,900.00",,0.17%
4/4/2023,"14,895.00","14,955.00","14,955.00","14,880.00",,-0.47%
4/3/2023,"14,965.00","15,000.00","15,012.50","14,968.00",,-0.17%
3/31/2023,"14,990.00","14,980.00","14,995.00","14,950.00",,-0.37%
3/30/2023,"15,045.00","15,075.00","15,087.50","15,044.00",,-0.10%
3/29/2023,"15,060.00","15,075.00","15,107.50","15,062.50",,-0.17%
3/28/2023,"15,085.00","15,120.00","15,125.00","15,065.00",,-0.46%
3/27/2023,"15,155.00","15,190.00","15,192.50","15,156.00",,0.03%
3/24/2023,"15,150.00","15,165.00","15,207.50","15,145.00",,-1.24%
3/21/2023,"15,340.00","15,345.00","15,360.00","15,334.00",,-0.10%
3/20/2023,"15,355.00","15,365.00","15,380.00","15,355.00",,0.10%
3/17/2023,"15,340.00","15,387.50","15,392.50","15,345.00",,-0.23%
3/16/2023,"15,375.00","15,420.00","15,455.00","15,376.00",,0.10%
3/15/2023,"15,360.00","15,370.00","15,380.00","15,335.00",,-0.13%
3/14/2023,"15,380.00","15,385.00","15,405.00","15,361.50",,0.13%
3/13/2023,"15,360.00","15,445.00","15,452.50","15,357.50",,-0.55%
3/10/2023,"15,445.00","15,475.00","15,480.00","15,450.00",,0.16%
3/9/2023,"15,420.00","15,445.00","15,457.50","15,422.50",,-0.06%
3/8/2023,"15,430.00","15,425.00","15,467.50","15,389.50",,0.55%
3/7/2023,"15,345.00","15,350.00","15,367.50","15,330.00",,0.36%
3/6/2023,"15,290.00","15,315.00","15,320.00","15,285.00",,-0.03%
3/3/2023,"15,295.00","15,300.00","15,321.50","15,282.50",,0.13%
3/2/2023,"15,275.00","15,265.00","15,286.00","15,249.00",,0.30%
3/1/2023,"15,230.00","15,240.00","15,265.00","15,228.50",,-0.10%
2/28/2023,"15,245.00","15,230.00","15,295.00","15,225.00",,-0.13%
2/27/2023,"15,265.00","15,260.00","15,287.50","15,245.00",,0.30%
2/24/2023,"15,220.00","15,205.00","15,225.00","15,193.00",,0.23%
2/23/2023,"15,185.00","15,175.00","15,196.00","15,164.00",,-0.10%
2/22/2023,"15,200.00","15,210.00","15,229.00","15,201.50",,0.10%
2/21/2023,"15,185.00","15,162.50","15,193.50","15,160.00",,0.20%
2/20/2023,"15,155.00","15,197.50","15,200.00","15,154.50",,-0.30%
2/17/2023,"15,200.00","15,177.50","15,217.50","15,172.00",,0.31%
2/16/2023,"15,153.00","15,210.00","15,210.00","15,150.00",,-0.31%
2/15/2023,"15,200.00","15,167.50","15,207.50","15,157.00",,0.30%
2/14/2023,"15,155.00","15,175.00","15,197.50","15,151.50",,-0.23%
2/13/2023,"15,190.00","15,170.00","15,227.50","15,170.00",,0.40%
2/10/2023,"15,130.00","15,117.50","15,147.50","15,114.00",,0.27%
2/9/2023,"15,090.00","15,115.00","15,130.00","15,094.50",,-0.03%
2/8/2023,"15,095.00","15,145.00","15,152.50","15,098.50",,-0.30%
2/7/2023,"15,140.00","15,142.50","15,153.00","15,121.50",,0.60%
2/6/2023,"15,050.00","15,005.00","15,072.50","15,005.00",,1.07%
2/3/2023,"14,890.00","14,905.00","14,922.50","14,876.50",,0.10%
2/2/2023,"14,875.00","14,875.00","14,887.50","14,835.00",,-0.63%
2/1/2023,"14,970.00","15,000.00","15,007.50","14,966.00",,-0.10%
1/31/2023,"14,985.00","15,000.00","15,005.00","14,971.50",,0.13%
1/30/2023,"14,965.00","14,972.50","14,989.00","14,954.50",,-0.10%
1/27/2023,"14,980.00","14,970.00","14,996.00","14,953.50",,0.23%
1/26/2023,"14,945.00","14,965.00","14,987.50","14,920.00",,-0.10%
1/25/2023,"14,960.00","14,925.00","14,975.00","14,915.00",,0.50%
1/24/2023,"14,885.00","15,035.00","15,045.00","14,884.00",,-1.23%
1/20/2023,"15,070.00","15,120.00","15,155.00","15,075.00",,-0.20%
1/19/2023,"15,100.00","15,135.00","15,145.00","15,089.00",,0.10%
1/18/2023,"15,085.00","15,200.00","15,207.50","15,070.00",,-0.49%
1/17/2023,"15,160.00","15,125.00","15,180.00","15,027.50",,0.80%
1/16/2023,"15,040.00","15,080.00","15,080.00","14,981.50",,-0.66%
1/13/2023,"15,140.00","15,210.00","15,237.50","15,135.50",,-1.28%
1/12/2023,"15,336.00","15,470.00","15,470.00","15,290.00",,-0.93%
1/11/2023,"15,480.00","15,565.00","15,575.00","15,470.00",0.26K,-0.58%
1/10/2023,"15,570.00","15,574.00","15,598.50","15,547.50",0.15K,0.03%
1/9/2023,"15,565.00","15,580.00","15,590.00","15,555.00",0.16K,-0.42%
1/6/2023,"15,630.00","15,635.00","15,643.00","15,603.50",0.16K,0.16%
1/5/2023,"15,605.00","15,580.00","15,622.50","15,565.00",0.18K,0.13%
1/4/2023,"15,585.00","15,612.50","15,633.00","15,580.00",0.19K,-0.06%
1/3/2023,"15,595.00","15,595.00","15,612.50","15,550.00",0.17K,0.16%
1/2/2023,"15,570.00","15,490.00","15,583.50","15,490.00",0.12K,0.03%
12/30/2022,"15,565.00","15,637.50","15,655.00","15,545.00",0.14K,-0.57%
12/29/2022,"15,655.00","15,745.00","15,765.00","15,657.50",0.14K,-0.29%
12/28/2022,"15,700.00","15,657.50","15,722.50","15,657.50",0.09K,0.26%
12/27/2022,"15,660.00","15,622.50","15,672.50","15,592.50",0.08K,0.19%
12/26/2022,"15,630.00","15,592.50","15,647.50","15,592.50",0.11K,0.26%
12/23/2022,"15,590.00","15,582.50","15,612.50","15,582.50",0.07K,0.06%
12/22/2022,"15,580.00","15,577.50","15,607.50","15,565.00",0.11K,-0.03%
12/21/2022,"15,585.00","15,592.50","15,612.50","15,582.50",0.09K,-0.10%
12/20/2022,"15,600.00","15,585.00","15,630.00","15,575.00",0.14K,0.03%
12/19/2022,"15,595.00","15,615.00","15,631.00","15,597.50",0.11K,0.00%
12/16/2022,"15,595.00","15,622.50","15,642.00","15,570.00",0.17K,-0.13%
12/15/2022,"15,615.00","15,607.50","15,642.50","15,582.50",0.17K,0.16%
12/14/2022,"15,590.00","15,557.50","15,647.50","15,555.00",0.17K,-0.42%
12/13/2022,"15,655.00","15,655.00","15,673.50","15,636.50",0.16K,0.19%
12/12/2022,"15,625.00","15,592.50","15,652.50","15,587.50",0.09K,0.28%
12/9/2022,"15,582.00","15,575.00","15,597.50","15,564.50",0.17K,-0.24%
12/8/2022,"15,620.00","15,615.00","15,636.50","15,585.00",0.12K,-0.10%
12/7/2022,"15,635.00","15,615.00","15,644.50","15,587.50",0.11K,0.13%
12/6/2022,"15,615.00","15,510.00","15,629.00","15,480.00",0.17K,0.97%
12/5/2022,"15,465.00","15,375.00","15,475.00","15,365.00",0.14K,0.26%
12/2/2022,"15,425.00","15,450.00","15,470.00","15,405.00",0.15K,-0.87%
12/1/2022,"15,560.00","15,622.50","15,642.50","15,545.00",0.14K,-1.08%
11/30/2022,"15,730.00","15,735.00","15,749.00","15,725.00",0.20K,-0.06%
11/29/2022,"15,740.00","15,722.50","15,748.00","15,707.00",0.14K,0.13%
11/28/2022,"15,720.00","15,692.50","15,737.50","15,685.00",0.17K,0.32%
11/25/2022,"15,670.00","15,645.00","15,681.00","15,632.50",0.15K,0.04%
11/24/2022,"15,663.00","15,640.00","15,667.50","15,635.00",0.18K,-0.14%
11/23/2022,"15,685.00","15,692.50","15,709.50","15,684.00",0.14K,-0.06%
11/22/2022,"15,695.00","15,710.00","15,727.50","15,694.50",0.16K,-0.10%
11/21/2022,"15,710.00","15,690.00","15,717.50","15,682.50",0.11K,0.16%
11/18/2022,"15,685.00","15,670.00","15,697.50","15,670.00",0.14K,0.16%
11/17/2022,"15,660.00","15,660.00","15,705.00","15,642.50",0.19K,0.38%
11/16/2022,"15,600.00","15,570.00","15,628.50","15,565.00",0.19K,0.42%
11/15/2022,"15,535.00","15,530.00","15,622.50","15,525.00",0.19K,0.13%
11/14/2022,"15,515.00","15,465.00","15,527.50","15,462.50",0.13K,0.16%
11/11/2022,"15,490.00","15,560.00","15,565.00","15,392.50",0.15K,-1.27%
11/10/2022,"15,690.00","15,677.50","15,712.50","15,677.50",0.13K,0.20%
11/9/2022,"15,658.00","15,662.50","15,672.50","15,632.50",0.16K,-0.24%
11/8/2022,"15,695.00","15,670.00","15,702.50","15,667.50",0.13K,-0.06%
11/7/2022,"15,705.00","15,662.50","15,710.00","15,660.00",0.12K,-0.19%
11/4/2022,"15,735.00","15,750.00","15,760.00","15,715.00",0.18K,0.25%
11/3/2022,"15,695.00","15,655.00","15,698.50","15,645.00",0.15K,0.32%
11/2/2022,"15,645.00","15,660.50","15,671.50","15,630.00",0.17K,0.13%
11/1/2022,"15,625.00","15,630.00","15,661.50","15,553.50",0.15K,0.19%
10/31/2022,"15,595.00","15,577.50","15,612.50","15,562.50",0.15K,0.30%
10/28/2022,"15,548.00","15,567.50","15,567.50","15,520.00",0.12K,-0.11%
10/27/2022,"15,565.00","15,550.00","15,627.50","15,535.00",0.16K,-0.03%
10/26/2022,"15,569.00","15,600.00","15,619.00","15,560.00",0.17K,-0.33%
10/25/2022,"15,620.00","15,590.00","15,623.00","15,590.00",0.14K,0.22%
10/24/2022,"15,585.00","15,575.00","15,607.50","15,562.50",0.18K,-0.29%
10/21/2022,"15,630.00","15,580.00","15,635.50","15,577.50",0.21K,0.39%
10/20/2022,"15,570.00","15,545.00","15,587.50","15,476.50",0.23K,0.48%
10/19/2022,"15,495.00","15,475.00","15,503.00","15,465.00",0.16K,0.19%
10/18/2022,"15,465.00","15,470.00","15,485.00","15,447.50",0.19K,-0.13%
10/17/2022,"15,485.00","15,467.50","15,496.50","15,459.50",0.17K,0.39%
10/14/2022,"15,425.00","15,365.00","15,426.50","15,362.50",0.17K,0.42%
10/13/2022,"15,360.00","15,352.50","15,367.50","15,342.00",0.15K,0.03%
10/12/2022,"15,355.00","15,364.00","15,390.00","15,355.50",0.19K,0.00%
10/11/2022,"15,355.00","15,330.00","15,372.50","15,330.00",0.18K,0.29%
10/10/2022,"15,310.00","15,275.00","15,315.00","15,270.00",0.21K,0.39%
10/7/2022,"15,250.00","15,222.50","15,262.50","15,220.50",0.21K,0.43%
10/6/2022,"15,185.00","15,205.00","15,211.00","15,183.50",0.19K,-0.03%
10/5/2022,"15,190.00","15,182.50","15,220.00","15,156.50",0.25K,-0.36%
10/4/2022,"15,245.00","15,282.50","15,312.50","15,237.50",0.15K,-0.36%
10/3/2022,"15,300.00","15,245.00","15,307.50","15,245.00",0.14K,0.49%
9/30/2022,"15,225.00","15,190.00","15,247.50","15,180.00",0.18K,-0.23%
9/29/2022,"15,260.00","15,220.00","15,280.00","15,212.50",0.21K,0.00%
9/28/2022,"15,260.00","15,160.00","15,276.50","15,160.00",0.15K,0.93%
9/27/2022,"15,120.00","15,135.00","15,172.00","15,122.50",0.18K,-0.03%
9/26/2022,"15,125.00","15,060.00","15,132.50","15,060.00",0.12K,0.60%
9/23/2022,"15,035.00","15,010.00","15,043.50","15,010.00",0.11K,0.13%
9/22/2022,"15,015.00","15,007.50","15,042.50","15,007.50",0.14K,0.13%
9/21/2022,"14,995.00","15,017.50","15,024.00","14,997.50",0.18K,0.10%
9/20/2022,"14,980.00","14,980.00","14,990.00","14,964.00",0.19K,0.03%
9/19/2022,"14,975.00","14,970.00","14,989.00","14,960.00",0.18K,0.17%
9/16/2022,"14,950.00","14,930.00","14,962.50","14,921.50",0.21K,0.37%
9/15/2022,"14,895.00","14,910.00","14,912.50","14,877.50",0.18K,-0.07%
9/14/2022,"14,905.00","14,935.00","14,944.00","14,874.00",0.27K,0.37%
9/13/2022,"14,850.00","14,852.50","14,876.00","14,846.00",0.21K,0.07%
9/12/2022,"14,840.00","14,822.50","14,846.50","14,815.00",0.17K,0.08%
9/9/2022,"14,828.00","14,875.00","14,885.00","14,817.50",0.19K,-0.45%
9/8/2022,"14,895.00","14,897.50","14,915.00","14,893.50",0.16K,-0.13%
9/7/2022,"14,915.00","14,912.50","14,936.50","14,825.00",0.20K,0.20%
9/6/2022,"14,885.00","14,887.50","14,897.50","14,869.50",0.17K,-0.10%
9/5/2022,"14,900.00","14,885.00","14,932.50","14,885.00",0.18K,0.03%
9/2/2022,"14,895.00","14,897.50","14,907.50","14,872.50",0.14K,0.10%
9/1/2022,"14,880.00","14,865.00","14,892.50","14,865.00",0.14K,0.27%
8/31/2022,"14,840.00","14,847.50","14,862.50","14,837.50",0.16K,0.00%
8/30/2022,"14,840.00","14,887.50","14,896.00","14,840.00",0.17K,-0.37%
8/29/2022,"14,895.00","14,865.00","14,902.50","14,840.00",0.13K,0.54%
8/26/2022,"14,815.00","14,797.50","14,829.00","14,797.00",0.17K,-0.03%
8/25/2022,"14,820.00","14,827.50","14,837.50","14,815.00",0.15K,-0.17%
8/24/2022,"14,845.00","14,847.50","14,872.50","14,822.00",0.15K,0.07%
8/23/2022,"14,835.00","14,897.50","14,921.50","14,825.00",0.13K,-0.34%
8/22/2022,"14,885.00","14,875.00","14,895.00","14,860.00",0.13K,0.34%
8/19/2022,"14,835.00","14,860.00","14,875.00","14,837.50",0.17K,0.03%
8/18/2022,"14,830.00","14,777.50","14,844.00","14,777.50",0.16K,0.44%
8/16/2022,"14,765.00","14,775.00","14,782.50","14,751.50",0.15K,0.17%
8/15/2022,"14,740.00","14,685.00","14,744.00","14,685.00",0.16K,0.51%
8/12/2022,"14,665.00","14,745.00","14,755.00","14,659.00",0.14K,-0.68%
8/11/2022,"14,765.00","14,815.00","14,869.50","14,760.00",0.18K,-0.71%
8/10/2022,"14,870.00","14,867.50","14,880.50","14,865.00",0.12K,0.13%
8/9/2022,"14,850.00","14,865.00","14,876.00","14,847.50",0.22K,-0.17%
8/8/2022,"14,875.00","14,922.50","14,940.00","14,877.50",0.17K,-0.10%
8/5/2022,"14,890.00","14,885.00","14,920.00","14,877.50",0.14K,-0.27%
8/4/2022,"14,930.00","14,910.00","14,939.00","14,897.50",0.16K,0.13%
8/3/2022,"14,910.00","14,910.00","14,925.00","14,890.00",0.17K,0.13%
8/2/2022,"14,890.00","14,865.00","14,992.50","14,862.50",0.19K,0.13%
8/1/2022,"14,870.00","14,850.00","14,887.50","14,847.00",0.13K,0.27%
7/29/2022,"14,830.00","14,855.00","14,887.50","14,830.00",0.16K,-0.67%
7/28/2022,"14,930.00","14,937.50","14,977.50","14,917.50",0.18K,-0.53%
7/27/2022,"15,010.00","14,997.00","15,025.00","14,919.00",0.15K,0.10%
7/26/2022,"14,995.00","14,957.50","15,002.50","14,940.00",0.10K,0.00%
7/25/2022,"14,995.00","15,000.00","15,010.00","14,967.50",0.12K,-0.13%
7/22/2022,"15,015.00","15,030.00","15,037.50","15,007.50",0.14K,-0.10%
7/21/2022,"15,030.00","14,990.00","15,036.50","14,990.00",0.19K,0.30%
7/20/2022,"14,985.00","14,977.50","14,992.00","14,970.00",0.10K,0.07%
7/19/2022,"14,975.00","14,982.50","14,996.50","14,977.00",0.14K,-0.05%
7/18/2022,"14,982.00","14,974.50","14,995.00","14,950.00",0.15K,-0.05%
7/15/2022,"14,990.00","14,994.50","14,998.00","14,977.50",0.08K,0.00%
7/14/2022,"14,990.00","14,994.50","14,998.00","14,986.50",0.14K,0.03%
7/13/2022,"14,985.00","14,975.00","14,996.50","14,966.50",0.13K,0.00%
7/12/2022,"14,985.00","14,982.50","14,996.00","14,976.00",0.14K,0.10%
7/11/2022,"14,970.00","14,982.50","14,982.50","14,951.50",0.14K,-0.03%
7/8/2022,"14,975.00","14,985.00","14,988.50","14,957.50",0.20K,-0.13%
7/7/2022,"14,995.00","14,982.50","14,996.00","14,965.00",0.19K,0.00%
7/6/2022,"14,995.00","15,017.50","15,032.50","14,988.00",0.17K,0.07%
7/5/2022,"14,985.00","14,975.00","14,995.00","14,962.50",0.15K,0.13%
7/4/2022,"14,965.00","14,945.00","14,971.50","14,927.00",0.14K,0.20%
7/1/2022,"14,935.00","14,925.00","14,972.50","14,862.50",0.15K,0.27%
6/30/2022,"14,895.00","14,860.00","14,897.50","14,830.00",0.19K,0.31%
6/29/2022,"14,849.00","14,850.00","14,856.00","14,820.00",0.16K,0.09%
6/28/2022,"14,835.00","14,827.50","14,847.50","14,800.00",0.17K,0.24%
6/27/2022,"14,800.00","14,810.00","14,820.00","14,787.50",0.11K,-0.30%
6/24/2022,"14,845.00","14,844.00","14,852.50","14,827.50",0.16K,0.07%
6/23/2022,"14,835.00","14,840.00","14,847.50","14,812.50",0.17K,-0.20%
6/22/2022,"14,865.00","14,820.00","14,873.50","14,814.00",0.19K,0.37%
6/21/2022,"14,810.00","14,820.00","14,832.50","14,767.50",0.21K,-0.13%
6/20/2022,"14,830.00","14,840.00","14,851.50","14,815.00",0.15K,0.06%
6/17/2022,"14,821.00","14,835.00","14,841.50","14,727.50",0.21K,0.38%
6/16/2022,"14,765.00","14,727.50","14,770.00","14,705.00",0.17K,0.17%
6/15/2022,"14,740.00","14,707.50","14,759.00","14,697.50",0.22K,0.31%
6/14/2022,"14,695.00","14,740.00","14,771.00","14,685.00",0.20K,0.12%
6/13/2022,"14,678.00","14,660.00","14,686.50","14,642.50",0.17K,0.88%
6/10/2022,"14,550.00","14,580.00","14,587.50","14,544.00",0.15K,-0.07%
6/9/2022,"14,560.00","14,512.50","14,568.50","14,512.50",0.16K,0.48%
6/8/2022,"14,490.00","14,465.00","14,497.50","14,456.50",0.12K,0.25%
6/7/2022,"14,454.00","14,462.50","14,472.50","14,454.50",0.18K,0.03%
6/6/2022,"14,450.00","14,455.00","14,470.00","14,449.00",0.16K,0.10%
6/3/2022,"14,435.00","14,435.00","14,452.50","14,420.00",0.11K,-0.31%
6/2/2022,"14,480.00","14,572.50","14,585.00","14,478.50",0.16K,-0.69%
5/31/2022,"14,580.00","14,569.00","14,602.00","14,555.00",0.18K,0.16%
5/30/2022,"14,557.00","14,532.50","14,558.50","14,520.00",0.13K,-0.12%
5/27/2022,"14,575.00","14,605.00","14,607.50","14,557.50",0.13K,-0.38%
5/25/2022,"14,630.00","14,645.00","14,663.50","14,627.50",0.16K,-0.17%
5/24/2022,"14,655.00","14,662.50","14,670.00","14,642.00",0.15K,-0.10%
5/23/2022,"14,670.00","14,645.00","14,677.50","14,637.50",0.11K,0.14%
5/20/2022,"14,650.00","14,625.00","14,677.50","14,624.50",0.13K,-0.54%
5/19/2022,"14,730.00","14,671.50","14,738.00","14,671.50",0.14K,0.31%
5/18/2022,"14,685.00","14,640.00","14,692.50","14,640.00",0.15K,0.27%
5/17/2022,"14,645.00","14,617.50","14,669.00","14,615.00",0.18K,0.24%
5/13/2022,"14,610.00","14,610.00","14,627.50","14,594.50",0.12K,0.10%
5/12/2022,"14,595.00","14,540.00","14,602.50","14,537.50",0.12K,0.27%
5/11/2022,"14,555.00","14,530.00","14,561.00","14,524.00",0.09K,0.00%
5/10/2022,"14,555.00","14,565.00","14,570.00","14,531.00",0.11K,0.00%
5/9/2022,"14,555.00","14,510.00","14,562.50","14,502.50",0.11K,0.41%
4/28/2022,"14,495.00","14,450.00","14,502.50","14,442.50",0.16K,0.52%
4/27/2022,"14,420.00","14,420.00","14,435.00","14,404.50",0.11K,0.07%
4/26/2022,"14,410.00","14,447.50","14,450.00","14,393.00",0.12K,-0.31%
4/25/2022,"14,455.00","14,460.00","14,477.50","14,422.50",0.17K,0.69%
4/22/2022,"14,356.00","14,360.00","14,367.50","14,352.50",0.16K,0.09%
4/21/2022,"14,343.00","14,347.50","14,355.50","14,339.00",0.14K,-0.08%
4/20/2022,"14,355.00","14,355.00","14,365.00","14,342.50",0.14K,0.14%
4/19/2022,"14,335.00","14,357.50","14,360.00","14,328.00",0.14K,-0.13%
4/18/2022,"14,353.00","14,366.50","14,366.50","14,349.50",0.08K,0.07%
4/14/2022,"14,343.00","14,356.50","14,360.00","14,342.00",0.11K,-0.13%
4/13/2022,"14,362.00","14,355.00","14,370.00","14,353.50",0.10K,0.01%
4/12/2022,"14,360.00","14,365.00","14,367.50","14,357.50",0.11K,-0.03%
4/11/2022,"14,365.00","14,375.00","14,380.00","14,362.50",0.10K,0.03%
4/8/2022,"14,360.00","14,375.00","14,386.00","14,355.00",0.12K,0.01%
4/7/2022,"14,358.00","14,362.50","14,368.50","14,351.00",0.12K,0.02%
4/6/2022,"14,355.00","14,365.00","14,376.50","14,353.00",0.12K,0.07%
4/5/2022,"14,345.00","14,340.00","14,353.50","14,337.50",0.11K,-0.06%
4/4/2022,"14,353.00","14,365.00","14,372.50","14,351.00",0.08K,-0.08%
4/1/2022,"14,365.00","14,360.00","14,370.00","14,352.50",0.07K,-0.02%
3/31/2022,"14,368.00","14,340.00","14,369.00","14,334.50",0.09K,0.20%
3/30/2022,"14,340.00","14,340.00","14,358.50","14,332.50",0.08K,-0.16%
3/29/2022,"14,363.00","14,367.50","14,371.00","14,352.50",0.12K,0.01%
3/28/2022,"14,362.00","14,345.00","14,366.50","14,344.00",0.09K,0.15%
3/25/2022,"14,340.00","14,340.00","14,347.50","14,332.50",0.10K,-0.03%
3/24/2022,"14,344.00","14,380.00","14,380.00","14,348.50",0.12K,-0.01%
3/23/2022,"14,345.00","14,337.50","14,361.50","14,334.50",0.10K,-0.08%
3/22/2022,"14,356.00","14,350.00","14,371.00","14,346.50",0.10K,0.13%
3/21/2022,"14,338.00","14,345.00","14,347.50","14,330.50",0.13K,-0.01%
3/18/2022,"14,340.00","14,312.50","14,347.50","14,312.50",0.09K,0.28%
3/17/2022,"14,300.00","14,290.00","14,305.00","14,260.00",0.08K,-0.07%
3/16/2022,"14,310.00","14,300.00","14,322.50","14,292.50",0.10K,-0.10%
3/15/2022,"14,325.00","14,342.50","14,347.50","14,295.00",0.17K,-0.03%
3/14/2022,"14,330.00","14,312.50","14,342.50","14,307.50",0.11K,0.21%
3/11/2022,"14,300.00","14,290.00","14,317.50","14,281.00",0.12K,0.18%
3/10/2022,"14,275.00","14,295.00","14,320.00","14,260.00",0.12K,-0.49%
3/9/2022,"14,345.00","14,350.00","14,386.00","14,344.00",0.12K,-0.35%
3/8/2022,"14,395.00","14,392.50","14,405.00","14,382.00",0.11K,-0.07%
3/7/2022,"14,405.00","14,415.00","14,420.00","14,401.00",0.12K,0.14%
3/4/2022,"14,385.00","14,385.00","14,395.00","14,371.50",0.09K,0.00%
3/2/2022,"14,385.00","14,357.50","14,390.00","14,337.00",0.12K,0.35%
3/1/2022,"14,335.00","14,355.00","14,370.00","14,333.50",0.11K,-0.21%
2/25/2022,"14,365.00","14,377.50","14,382.50","14,359.00",0.12K,-0.10%
2/24/2022,"14,380.00","14,357.50","14,390.00","14,332.50",0.13K,0.31%
2/23/2022,"14,335.00","14,350.00","14,365.00","14,337.50",0.13K,-0.18%
2/22/2022,"14,361.00","14,345.00","14,372.50","14,332.00",0.20K,0.25%
2/21/2022,"14,325.00","14,360.00","14,360.00","14,316.00",0.13K,0.00%
2/18/2022,"14,325.00","14,327.50","14,355.00","14,318.50",0.17K,0.07%
2/17/2022,"14,315.00","14,252.50","14,325.00","14,250.00",0.22K,0.42%
2/16/2022,"14,255.00","14,277.50","14,297.50","14,249.00",0.17K,-0.31%
2/15/2022,"14,300.00","14,315.00","14,315.00","14,271.50",0.13K,-0.17%
2/14/2022,"14,325.00","14,350.00","14,355.00","14,321.00",0.10K,-0.17%
2/11/2022,"14,350.00","14,347.50","14,367.50","14,346.50",0.15K,0.07%
2/10/2022,"14,340.00","14,350.00","14,352.00","14,330.00",0.08K,-0.10%
2/9/2022,"14,355.00","14,375.00","14,380.00","14,357.50",0.08K,-0.24%
2/8/2022,"14,390.00","14,387.50","14,396.00","14,375.00",0.10K,-0.03%
2/7/2022,"14,395.00","14,387.50","14,409.00","14,377.50",0.07K,0.12%
2/4/2022,"14,378.00","14,375.00","14,381.50","14,365.00",0.08K,0.02%
2/3/2022,"14,375.00","14,365.00","14,390.00","14,357.50",0.11K,0.14%
2/2/2022,"14,355.00","14,315.00","14,362.50","14,315.00",0.18K,-0.17%
1/31/2022,"14,380.00","14,405.00","14,412.50","14,365.00",0.12K,-0.03%
1/28/2022,"14,385.00","14,375.00","14,395.00","14,357.50",0.17K,0.00%
1/27/2022,"14,385.00","14,380.00","14,395.00","14,363.50",0.13K,0.24%
1/26/2022,"14,350.00","14,317.50","14,357.50","14,317.50",0.12K,0.00%
1/25/2022,"14,350.00","14,350.00","14,363.50","14,345.50",0.16K,0.07%
1/24/2022,"14,340.00","14,315.00","14,353.00","14,304.50",0.12K,0.03%
1/21/2022,"14,335.00","14,355.00","14,362.50","14,335.00",0.16K,0.00%
1/20/2022,"14,335.00","14,335.00","14,365.00","14,330.00",0.17K,-0.17%
1/19/2022,"14,360.00","14,357.50","14,377.50","14,334.50",0.15K,0.17%
1/18/2022,"14,335.00","14,306.50","14,346.00","14,299.00",0.18K,0.14%
1/17/2022,"14,315.00","14,312.50","14,330.00","14,296.50",0.11K,0.14%
1/14/2022,"14,295.00","14,305.00","14,319.50","14,293.00",0.15K,0.03%
1/13/2022,"14,290.00","14,315.00","14,322.00","14,292.00",0.20K,-0.17%
1/12/2022,"14,315.00","14,295.00","14,322.50","14,284.00",0.24K,0.10%
1/11/2022,"14,300.00","14,302.50","14,315.00","14,272.50",0.21K,-0.03%
1/10/2022,"14,305.00","14,312.50","14,342.50","14,296.00",0.19K,-0.35%
1/7/2022,"14,355.00","14,375.00","14,377.50","14,352.50",0.12K,-0.24%
1/6/2022,"14,390.00","14,394.00","14,404.00","14,377.00",0.16K,0.24%
1/5/2022,"14,355.00","14,347.50","14,371.50","14,335.00",0.17K,0.38%
1/4/2022,"14,300.00","14,287.50","14,327.50","14,270.00",0.14K,0.25%
1/3/2022,"14,264.00","14,255.00","14,276.50","14,249.00",0.11K,0.10%
